ID,First_name,Last_name,Date_Of_Birth,Gender,Email_ID,Admission_ID,Project_ID,Address,Department_Code
1,Sheela,Gavaghan,14/04/1999,Female,sgavaghan0@cbslocal.com,63,51,37 Trailsway Point,7232
2,Susette,Sollars,26/08/1992,Female,ssollars1@huffingtonpost.com,70,52,05878 Riverside Point,8805
3,Chrystal,Witsey,06/04/1993,Female,cwitsey2@nyu.edu,40,53,0 Crowley Park,3889
4,Burt,Riordan,18/07/1996,Male,briordan3@google.cn,30,54,4 Nova Pass,1527
5,Rubina,Jaouen,05/06/2000,Female,rjaouen4@craigslist.org,79,55,855 Anthes Point,7314
6,Gabbi,Grissett,12/12/1997,Female,ggrissett5@epa.gov,85,56,8 Goodland Point,7232
7,Nico,Camus,31/08/2000,Male,ncamus6@virginia.edu,19,57,9 Lyons Junction,8805
8,Jeromy,Frohock,28/10/2001,Male,jfrohock7@princeton.edu,11,58,70 Boyd Parkway,3889
9,Jonas,Jimeno,30/10/1992,Male,jjimeno8@scribd.com,14,59,264 David Hill,1527
10,Barris,Lukes,19/12/1996,Male,blukes9@biglobe.ne.jp,53,60,8602 Texas Parkway,7314
11,Brandise,Nesterov,16/04/1995,Female,bnesterova@mayoclinic.com,45,61,802 Superior Parkway,7232
12,Moe,Crippill,27/04/1991,Male,mcrippillb@hhs.gov,88,62,2 Main Way,8805
13,Winny,Bortolotti,08/03/1993,Female,wbortolottic@uiuc.edu,97,63,48174 Ilene Road,3889
14,Allina,Labitt,06/10/2001,Female,alabittd@amazon.co.jp,20,64,14230 Warrior Lane,1527
15,Thornie,Lias,03/03/1996,Male,tliase@reddit.com,67,65,5434 Rutledge Park,7314
16,Sharline,Caramuscia,26/01/1998,Female,scaramusciaf@irs.gov,78,66,6 Dunning Place,7232
17,Shamus,Cowen,28/06/1999,Male,scoweng@tumblr.com,66,67,93081 Pankratz Terrace,8805
18,Chan,Simmon,06/06/1999,Male,csimmonh@virginia.edu,93,68,5 Hagan Way,3889
19,Nissa,Presdie,19/01/2001,Female,npresdiei@w3.org,95,69,16 Sundown Lane,1527
20,Cherilyn,Bartoletti,25/12/1993,Female,cbartolettij@google.ru,57,70,117 Sachs Trail,7314
21,Devon,Keggins,16/12/1997,Female,dkegginsk@unicef.org,38,71,61 La Follette Plaza,7232
22,Shaine,Cromack,03/01/1991,Male,scromackl@zimbio.com,72,72,39 Claremont Crossing,8805
23,Tasia,Dahmel,12/04/1991,Female,tdahmelm@va.gov,4,73,0176 Main Center,3889
24,Kimberly,Lancett,22/04/1996,Female,klancettn@go.com,59,74,9 Mariners Cove Street,1527
25,Cullin,Chaloner,11/01/2000,Male,cchalonero@altervista.org,29,75,6289 Rigney Circle,7314
26,Jud,Mowles,04/11/1998,Male,jmowlesp@wikispaces.com,98,76,782 Bartillon Avenue,7232
27,Norris,Weavill,23/07/1997,Male,nweavillq@linkedin.com,13,77,79468 Laurel Drive,8805
28,Jeniffer,Boss,14/01/1992,Female,jbossr@youtube.com,27,78,460 Alpine Point,3889
29,Marley,Macconaghy,19/07/1997,Female,mmacconaghys@csmonitor.com,80,79,51 Harper Parkway,1527
30,Kandace,Plinck,17/02/1992,Female,kplinckt@senate.gov,33,80,6918 Twin Pines Hill,7314
